{"cameraMode":{"drawMode":0,"name":"Shaded","section":"Shading Mode"},"sceneLighting":true,"audioPlay":false,"sceneViewState":{"m_AlwaysRefresh":false,"showFog":true,"showSkybox":true,"showFlares":true,"showImageEffects":true,"showParticleSystems":true,"showVisualEffectGraphs":true,"m_FxEnabled":true},"in2DMode":false,"pivot":{"x":9.765623092651368,"y":0.0000019073486328125,"z":-4.873658180236816},"rotation":{"x":-0.015977656468749048,"y":0.9713115096092224,"z":-0.22723113000392915,"w":-0.0682973638176918},"size":9.60598087310791,"orthographic":false}